From/To,Kuwaiti Dinar,Bahraini Dinar,Omani Rial,British Pound,Euro,Swiss Franc,Canadian Dollar,Bruneian Dollar,Singapore Dollar,Libyan Dinar,Australian Dollar,New Zealand Dollar,Bulgarian Lev,Israeli Shekel,Qatari Riyal,Emirati Dirham,Saudi Arabian Riyal,Polish Zloty,Romanian New Leu,Malaysian Ringgit,Brazilian Real,Danish Krone,Croatian Kuna,Trinidadian Dollar,Turkish Lira,Chinese Yuan Renminbi,Hong Kong Dollar,Swedish Krona,Norwegian Krone,Venezuelan Bolivar,Botswana Pula,South African Rand,Mexican Peso,Czech Koruna,Taiwan New Dollar,Thai Baht,Mauritian Rupee,Philippine Peso,Russian Ruble,Argentine Peso,Indian Rupee,Japanese Yen,Nepalese Rupee,Icelandic Krona,Pakistani Rupee,Sri Lankan Rupee,Hungarian Forint,Kazakhstani Tenge,Chilean Peso,South Korean Won,Colombian Peso,Indonesian Rupiah,Iranian Rial,USD
Kuwaiti Dinar,1.0,1.213837763029077,1.230030128110695,2.549665058755624,2.8026917974016743,3.0145720106862766,4.338895888517116,4.443310364221585,4.433807516884305,4.450357063379305,4.546638117731599,4.8090233006777225,5.418261334803941,11.06914505787862,11.78137400672052,11.864461876907965,12.148841333801453,12.383003181225204,13.480011082438397,13.616101087672387,16.415970846879052,20.5360195930187,21.113539203392353,21.732109963621824,22.06052043276899,22.696692758063765,25.041142595082416,28.471752918498513,29.580057116986186,32.3299357918418,37.47037739425402,53.493796933456615,71.93929707786914,73.90972333479633,94.82417809319513,101.85405902346527,129.35009037293946,158.0826171417947,229.8255201657067,233.2433532181308,240.02761934681098,347.60954590565245,387.84429643958356,442.18665941192893,537.734560864852,603.1885698129367,972.4427264674289,1326.2754458098646,2491.7875570451292,3881.1788928294513,11801.590421313485,47533.01688375096,656502.7269842731,3.0993615611128202
Bahraini Dinar,0.8102609403558524,1.0,1.0161289367751367,2.076325998289408,2.2740837860985863,2.4700114565959916,3.5030522041733687,3.6552629074068372,3.638846044621252,3.6427382593817454,3.6926495261540873,3.937533231288779,4.47218798505997,8.935353159410159,9.553211123543205,9.623602690603104,9.973192440948045,10.027547222589837,11.022829310983967,11.288401818071174,13.353824850590954,16.85040163437646,16.97075888218157,17.843575897046,17.916213783172193,18.5482390176401,20.481426053507857,23.36556183623783,24.282033229402845,26.397804071807556,30.4873793634227,43.51164750075695,59.18424375014959,59.700829194385584,76.93742838910535,83.04398206841026,106.20081673228074,131.18160811765094,188.35136485294836,190.80614122063056,195.88669904057542,284.2758983638885,313.6622861746668,360.06020343760554,439.17817566602,491.72789941059347,797.3901211643856,1082.098363007445,2020.763698510977,3121.186540428744,9512.71293804719,38916.33134475971,539327.0459076961,2.6163256864858577
Omani Rial,0.790555059538063,0.9718820400709544,1.0,2.0209580168632666,2.2019738091390764,2.4152345657546728,3.432745884928698,3.554214251568283,3.556398895772932,3.564864015016379,3.58048310088947,3.838761338556853,4.392780395769084,8.768448371037874,9.421150290609116,9.498673646193398,9.608057451189232,9.87272775573488,10.789387399829481,11.026961840601407,13.061471955904155,16.411606065206517,16.566287998432035,17.39621851514519,17.46783412457086,18.11898887817136,19.90394807416335,22.80131560301882,23.445224476795524,25.554080098299433,29.79670622790323,42.69867374993004,57.6282987221671,58.66878737640787,74.9755932788177,80.96627734367732,102.76520860112116,127.85058432094141,181.87938524610377,184.3327232979852,190.7874544829412,278.255892687581,308.93697945579237,347.983217201462,428.3222353394028,482.2561789216003,774.5775825414473,1054.0344797054397,1964.933250782042,3072.0439562032966,9410.770947050794,37899.78437440916,521734.80700449605,2.558400674781086
British Pound,0.3868888293651884,0.4726751721391758,0.4817128231818938,1.0,1.0884539925130332,1.1752646778405815,1.7041924239766433,1.7418294619424863,1.7371907626281005,1.7698456935886695,1.7498437417311214,1.8764421937575608,2.14118987684579,4.3073620192144695,4.610305700004172,4.593056875198144,4.697669675479464,4.770988190923106,5.236835739345128,5.388985817091683,6.450941689419211,8.158089136182852,8.199227153086992,8.431941350765518,8.658882685348955,8.754205843096814,9.86244631520082,11.05963916183281,11.611869954664712,12.551924850737192,14.543437199983478,20.713293367261432,27.859107590440534,28.8714763049169,36.83416720396938,39.73406058631912,50.76725043984345,62.549933468511576,89.38570586015355,90.09075377081402,93.19909100644563,134.7965694352844,152.33051358688812,172.40581198847715,209.85816701890167,235.68893547325473,379.18053686070124,515.6828363003191,968.1023595824726,1519.017544340763,4546.226694026359,18449.11218712946,255117.65687975948,1.2675809283876338
Euro,0.34986423924438115,0.4320967078594971,0.44435206550915146,0.9055724731249191,1.0,1.0592705128012352,1.5268582866539009,1.5992960636440974,1.5913355716294904,1.6022535902709487,1.5944880640413293,1.7204160734635092,1.9456429089332103,3.94633111020479,4.209345502054148,4.224494558895594,4.3136163806810055,4.378156016261313,4.8086427474907865,4.852321480004994,5.835816326778043,7.317202397236667,7.518402343893553,7.70621674537905,7.915276339559348,8.06814089170341,8.824964191875617,10.214620558456964,10.363348442425096,11.432601689225242,13.212309237920605,18.85152107718134,25.31022739040592,25.98533236110024,33.850470321004096,36.10252426502359,46.25326398955078,56.26650968331637,82.33033286275823,81.82880850088172,85.06810178197233,123.34058933330526,136.46195055817728,155.36748514709748,193.69769638234138,213.43963422546128,343.66384272031064,475.83229281553884,886.6839358370023,1368.9285679022516,4194.589184002581,16782.135524062352,233380.39471322397,1.1289337760823115
Swiss Franc,0.32407679587431476,0.3970325178610422,0.4055969240395661,0.8317853921180657,0.9141985212371782,1.0,1.4148890953275743,1.4802305342476842,1.4790676108345722,1.4808817830813998,1.4862095394236774,1.6025615328249492,1.8023809361612326,3.6359533095348393,3.895050710616067,3.8823476702381434,3.996635733200918,4.078350828696463,4.436823034558637,4.495744518602883,5.41019931025169,6.888548752905603,6.857923937524564,7.21234877062784,7.351928248353774,7.478211016083153,8.233814649821976,9.533809063187277,9.687759202701981,10.725615084937692,12.360887930522113,17.52750214811329,23.902821648704556,24.12087690464189,31.43735451122005,33.49227100068618,42.41318160379623,52.208614625468705,75.09543262025603,77.01180393229595,80.07647588510612,114.43013924899418,127.15043117584186,144.3020501972802,177.1139757655561,198.72716668696,320.20561051944514,436.27500627458386,816.5635614546742,1262.1202976869467,3891.7316609161803,15646.832389683004,218592.53348621374,1.033784545234154
Canadian Dollar,0.2252579744675049,0.27803510837834433,0.28465377239955236,0.5814314520693108,0.6420865601362987,0.6808576063775792,1.0,1.017165135493618,1.0252313339409107,1.0188444811629187,1.0369095085482616,1.1033050718784796,1.238481419456082,2.5009968212713183,2.713229766016774,2.6860892077211003,2.794927171394595,2.8291031647334406,3.072809373217667,3.1538314035857358,3.7488089546878975,4.774094544992521,4.764657650078991,4.9808414456498,5.018041104374889,5.145711145170501,5.750345522649779,6.510835204118494,6.738214697973331,7.40361734738683,8.52212078515244,12.19338728056735,16.283833411122444,16.792278078203285,21.707586353613138,23.23377982031924,29.592576476876978,36.66106819258302,52.991580426030616,53.18812754396587,55.42864009115733,78.61191618877984,89.26539092308967,100.12553303970283,123.33675406040349,138.4082613146992,223.6921388495606,306.67428361559945,570.1672282529217,886.0107339896701,2685.189026682794,10722.834458895353,151266.3549592627,0.7405273761264592
Bruneian Dollar,0.21801913777835794,0.2708392778723487,0.27495622407316034,0.5619283102333791,0.6199309987639186,0.668889061893251,0.9630343838229338,1.0,0.9915059834834233,1.0028396592856785,0.9950854200983033,1.0629807149677868,1.2112705744110064,2.433699492482416,2.5973390652255244,2.6195364185440355,2.7039341822615897,2.749374581705307,3.006046815554393,3.0484557508534453,3.6612552847473565,4.590920514887216,4.667037989140066,4.797676064009318,4.946099427663404,5.036513274497738,5.510013800895083,6.348912277303585,6.506519330554938,7.169055931850901,8.21502165356121,11.82926714529324,16.049783082266156,16.318652376737468,20.961609957156334,22.47912365079662,28.418527993806045,35.38848576897629,51.07958521378076,51.41432443718801,53.84565470033105,76.39263888888703,85.53862407312666,98.2529507985377,120.53787628269903,132.0435030610001,216.9341249416622,296.1695318666556,549.8212078299598,849.8210106093321,2617.715757498589,10551.290477303033,146257.05777602195,0.7178270178173485
Singapore Dollar,0.2197604364018556,0.26992781169193647,0.2767690796783314,0.5639064136471794,0.614927319695066,0.6680424850306923,0.9526953349292664,0.9935561254156107,1.0,0.9875807802647988,1.0043158085382204,1.0722827123615932,1.214194113332291,2.470411803232925,2.58963802993764,2.6005523671576714,2.6868487017799163,2.7360779424595374,2.959300083366754,3.0237091037560098,3.6438742793725525,4.56513928232268,4.649527406740122,4.792376152156995,4.889454434744136,5.022151075260718,5.585759925950716,6.3359834412822025,6.57707587469439,7.2129182845861495,8.315849002286761,11.660221102252445,15.88597237705646,16.23981588012473,21.204185800713034,22.642459849523423,28.6918057191728,35.39343810709049,50.430963932186096,51.13748111771071,53.123510289390474,76.9835369935138,86.1140383198898,97.1984752630105,120.34355889071472,133.52088240967723,215.88400260553976,294.3601591547735,545.3060803647834,859.12225050663,2580.294493139083,10467.511671868397,145823.0746233387,0.7210337539629298
Libyan Dinar,0.219633523213151,0.2648119253813527,0.2732414473652687,0.5606886332624977,0.6082485395547305,0.6605875752744947,0.9466730865386092,0.983831593544474,0.9880391887957872,1.0,1.0019775140409166,1.0626524400920103,1.2114120646984987,2.419474618002772,2.601210247529452,2.5993688675136473,2.6592621813091424,2.6898787217015356,2.9537545485776513,3.0308010730315607,3.625850621993072,4.5707869288405725,4.578337999021308,4.844597929638337,4.889643094570855,4.99332586860633,5.5346965263573855,6.320343592895196,6.541746317354843,7.173887961356275,8.220776792755832,11.81842141580961,15.948176002233375,16.127679269888507,20.920010333710493,22.294384073873847,28.434786147934112,34.81169247386597,50.33569018172167,51.22521807145955,52.739033719371854,75.65451827368337,84.48742427352113,97.81724542858481,118.24260413735226,132.3364935890655,213.3114316395166,291.5004251753413,552.3010533303418,853.8508829829159,2574.6400698144644,10383.650180592003,145241.79382146374,0.706359593099986
Australian Dollar,0.2160889942693204,0.26431483106985143,0.27463945500291204,0.558702984486802,0.6133451655042691,0.661576156407277,0.9459332237119495,0.9814511760593688,0.9749762111314776,0.9768813663626832,1.0,1.0547536106375146,1.1872894956029412,2.4007814457081844,2.5912616257990204,2.5866857991356653,2.6411819215731853,2.6818986800944793,2.9598928915766587,2.9835409015929244,3.6047298603722715,4.5156020224137805,4.605200108927524,4.7688111669102,4.892086727550994,4.99992163490871,5.49302614547415,6.260542882102171,6.43567542867354,7.069221725969457,8.240749527855924,11.540644885065344,15.78145018765539,16.2418955880492,20.892756560488927,22.567219347075486,28.533771918418523,35.187853978629455,50.651334624854364,50.582718547164205,52.77985378834072,76.20955102859017,84.48147425104787,96.24864504461424,119.08800939490858,130.17625225944715,213.4116618838288,292.56566311536636,542.0168950643249,846.6511743129502,2547.527188789401,10386.138923580951,144999.17508765942,0.6905790546644542
New Zealand Dollar,0.2005997714393205,0.24949918296864412,0.25262342957327333,0.519961862334947,0.5739589221582097,0.6124923558525531,0.8911051040285825,0.9062008531903482,0.9159394033513847,0.915604222012589,0.9259509917711,1.0,1.1074967369583324,2.263208330735825,2.394519350674516,2.399502134774556,2.464535596811058,2.4963408531322098,2.7666981218914124,2.8134794424512766,3.3508877269594963,4.264806296730825,4.323982189131631,4.480065342755911,4.539552646374669,4.6505623662690585,5.165777975492827,5.804137082115114,6.069015763154824,6.622082206261561,7.687922746344121,10.916820615909666,14.806113647038993,15.055031830371004,19.496043860944287,21.00537917285507,26.236086970384324,32.64286905303854,46.985595232755536,47.63100426547935,48.957106979696206,71.29472136769037,78.84196218365906,90.59639742452688,111.47293630194173,122.54978426667921,197.17783668608357,272.95945147194567,506.3543854593089,790.8287913419497,2390.8263301354286,9684.603795186034,134580.80687390806,0.6455018210807025
Bulgarian Lev,0.17850571634667045,0.21905906467576877,0.2274663996517472,0.45699668853830994,0.5107106655431415,0.5409420050133439,0.7920803045100431,0.8125499002776885,0.8047778420865143,0.8232580337891047,0.8267926332136153,0.8773512614399186,1.0,2.0007378717871847,2.133922152750654,2.1328127273982145,2.18559651645955,2.223867450839199,2.4695191535623637,2.4844573138060673,3.001466644789511,3.732155814674385,3.837336975505614,3.9657100777739753,4.031727581662578,4.11769974861187,4.548408825131937,5.195320074852369,5.405377697511952,5.862271421336644,6.712714733065242,9.636684899850584,13.131707537354439,13.352885051604018,17.078027103776442,18.552164431164723,23.54292611106936,28.893953951770364,41.64519651775319,42.47711988413778,43.800399924057224,63.297360857520516,69.86100949531418,79.31533495317825,97.47604975131125,107.91448900184295,175.32000772363966,242.87916679488245,452.37688530709715,696.6148432490575,2137.9121103323782,8550.831138393643,119202.11151533815,0.5644419566241595
Israeli Shekel,0.0885566729444825,0.10788955785586347,0.11112579194479655,0.22695044119076543,0.24923992889732471,0.26880585174248056,0.3909093985298347,0.40216595133162725,0.40415986243241175,0.4068485573887884,0.40125964704930894,0.43833463062434747,0.4860919453683175,1.0,1.0531180681633752,1.0667242285022325,1.0961949749382711,1.105834063601477,1.2196149299383512,1.2294053443281427,1.4704520618030688,1.8721269129404792,1.870640169247896,1.9479922434198509,1.9985261525876445,2.007525362440992,2.2639673316544022,2.545163069911849,2.617828381199749,2.9144234707465837,3.3196586129297243,4.807506351509495,6.385872725002611,6.607605031158219,8.448715592783516,9.193552249607201,11.563334365547083,14.405010592819606,20.41840358235037,20.572320708435647,21.405912901836313,30.943029655022073,34.80067780874173,39.37168766881914,48.77892080949142,53.26825505748555,86.7320616549876,120.47263587899644,222.97747847757287,343.08225498418614,1056.909869980868,4237.107962547775,59259.840626672856,0.2836618481179633
Qatari Riyal,0.08395920937234753,0.1020982092437963,0.10407036901512096,0.21375190907891095,0.23618350427061083,0.2552371470474546,0.3631877568894327,0.37376344143117096,0.37646080941695304,0.3775909766793619,0.37972189260117484,0.40953382363340246,0.45568767670209853,0.9229101971134286,1.0,0.9987155101844442,1.0100541961537037,1.0344421222489082,1.137393220197031,1.1523236759626945,1.3975840249180729,1.7641295079292205,1.7615049785895656,1.833843124074412,1.8740152974035325,1.9083559837162796,2.118169916608635,2.398262297244114,2.460731047389476,2.720202761523261,3.118600398397259,4.500467163535998,6.105724374587219,6.156957800337308,7.973506626421715,8.549993163990447,10.946278799689912,13.303914057503503,19.478164417999935,19.42449250062349,20.11808509663291,29.198424131803748,32.60446294019157,37.09523719982999,45.55938512485703,50.0821659385566,82.15083016246078,112.4167594971347,209.6393914710891,325.904131121017,994.4906055008006,3941.7312008773833,54792.81568596157,0.2647774786705403
Emirati Dirham,0.08242390210178376,0.10115959697659563,0.10288454437376984,0.2107877893043658,0.2348325254321448,0.25059116522319186,0.35984291403562757,0.3704562101258719,0.3725083331126237,0.37693289556369525,0.3777357247872647,0.40100188543239756,0.45398830581918237,0.9281254853109366,0.9789988009729221,1.0,1.0042373787866883,1.0266040092472462,1.1158801142000696,1.1517105879422906,1.383213503428516,1.7423103920968455,1.7691275725896256,1.8120575987757515,1.8404050635461306,1.8785463736019852,2.1063191835246786,2.368615227725742,2.463073420025188,2.695599587913518,3.081407832465831,4.424041937601784,5.942132069324655,6.113715216793057,7.937581952222039,8.581338344780683,10.805136442798876,13.308645972635386,19.33648880623897,19.463077586940614,20.23260645706702,28.859912950313966,32.24796560179928,36.57539643184892,44.88293381091463,49.92896208507039,81.61288408864606,112.36419557267736,207.47050361528466,325.6596477517056,972.6283382144403,3919.694061626133,54752.52882824664,0.2652169932156641
Saudi Arabian Riyal,0.0814727344247221,0.0987999976167762,0.10167671190931155,0.2087205789081044,0.2295723348789834,0.24425540572414758,0.35044985211057633,0.36235423301225766,0.3670047743799521,0.3696089505615843,0.37128922154544763,0.4000025219491458,0.4434807572181789,0.9014230775170605,0.9521272968278006,0.9769652069705608,1.0,1.009823918041467,1.110661287877112,1.127437580959692,1.3367654806794727,1.6984755267416696,1.700745445568387,1.780669607818751,1.8094249492883046,1.843059191307669,2.0491302122633543,2.3266073238417477,2.3944900340205275,2.624678603451513,3.0414443460971747,4.36831697356375,5.860836575387813,5.98487250220867,7.726034730842183,8.325287501922508,10.614787774255754,12.947204513960767,18.77972218489169,19.13934588601891,19.510112666378873,28.530399461812404,31.539638400133633,35.77996339577689,44.1679708449896,49.455245909909415,79.94394527543325,109.97604560277475,201.86820900376117,317.54830712618815,961.5116840457412,3854.1361563491837,53452.8624172289,0.2648224743186909
Polish Zloty,0.07950725925870941,0.09655837006378122,0.10052880548215869,0.20387944788622067,0.22431776877736556,0.24037969349334026,0.34631842819410663,0.3595323261055295,0.36064070440916457,0.363448096666717,0.36158800747969116,0.3885134066285593,0.4406305762649479,0.8917355280916708,0.9485946325740338,0.959866051490959,0.9629195140609257,1.0,1.0880891423047983,1.1053913865509928,1.3170517922369762,1.6496621863203598,1.6805575436613545,1.7673657196247825,1.770917956173369,1.8036106175400444,2.006413346038235,2.3044342250976633,2.382445645044159,2.5752543166641706,2.994719881522023,4.240269231990945,5.7821066742150045,5.886186680169402,7.573145350781438,8.261930386487773,10.310950735020807,12.820306180805465,18.458893002459398,18.472761308253002,19.315218508447767,27.965647633396067,30.88969503230922,35.21937592057645,43.812353812569654,47.90346031726735,78.17856217473883,106.27051937516758,199.22785723526675,312.2888365683708,942.5100616503197,3761.2780280450947,52816.585240149,0.25260225666522595
Romanian New Leu,0.07235128722334633,0.08859301160890135,0.09203164769745013,0.18446639644492815,0.20506858046700316,0.2210047166068252,0.3167353076233888,0.33052209062803767,0.32911035715576714,0.332553571294424,0.3328241698055338,0.3525415587826519,0.4008044739493408,0.8135056923347711,0.8653425637392635,0.8685959618180776,0.8859225360603009,0.9107855232473349,1.0,1.016634258705447,1.2062673889575493,1.518046077270982,1.5335175134834724,1.6164084046264677,1.6288493812693863,1.6679490754478936,1.8539652982560912,2.093818352189643,2.1701908319585606,2.3863627517428543,2.7530960229606505,3.866600298166983,5.271320853111022,5.386447488872948,6.956484497656747,7.434458581265769,9.46643676448355,11.621526261127045,16.7826246696878,16.893784493874662,17.84805159653808,25.237056743573312,28.156934427008206,32.44913091211474,40.09764528279341,43.745917172262565,71.22515338198389,97.72734189541872,181.06755511689306,286.35547384053825,855.7325068075991,3490.2205328247237,48667.11105832001,0.23778360552439562
Malaysian Ringgit,0.0718253196497293,0.08759751989159205,0.0893597205624932,0.1828141983497764,0.1994069368918286,0.21517412891710827,0.309810112123536,0.32188740127460214,0.3230491891114475,0.3219627758893601,0.32695676058144724,0.346532982535045,0.39167444516328415,0.789167425688642,0.8555845608236637,0.859668397326803,0.8784984933026599,0.8877531974917618,0.9665595720646413,1.0,1.1888252040782585,1.5108433257266667,1.5183859902132686,1.5886368979706753,1.5964511043001524,1.632304463865144,1.7997414635423663,2.0714899271995035,2.1066863713714503,2.337105981344665,2.6726158338923813,3.835474319728454,5.160271472208852,5.3177036734912555,6.86847095007485,7.426306503208891,9.29295718755292,11.527058924099657,16.693511402709206,16.59566940572112,17.27834955951374,24.769006080106106,27.779092588838846,31.741009023020947,39.345360902381834,43.642860486472756,70.28831274641185,96.59370909320444,180.83821510604835,281.0111124122676,837.3956614879324,3440.3701454453744,47197.27129937436,0.22559961843412785
Brazilian Real,0.06015693834342454,0.07356983794678573,0.07516161161666766,0.154043586609816,0.16778281625430863,0.18184920171064653,0.2610297193172177,0.27077331493389084,0.2707400847572503,0.2697592331366562,0.26914455621830785,0.29100048953354385,0.3307706216487479,0.6686450722292285,0.7024294535675694,0.7116991881018179,0.7337902063033325,0.7364831649880619,0.8173941394860266,0.8191683400968579,1.0,1.2528875745128272,1.251599569109783,1.3016937066961687,1.329687821821988,1.357540036705867,1.5167958720864663,1.7240108869841102,1.769162205456962,1.9390870370298574,2.2611246007608456,3.1732153938450964,4.296282677302064,4.4262426251238365,5.670960623886834,6.141102724569062,7.715350821895661,9.585843938377936,13.874951075151328,13.948561739375,14.57521705668452,20.79093314033784,23.05161610143009,26.28506582250681,32.39697006216428,36.387738548133456,58.56163802370023,79.83983401756755,147.8480442126496,232.30445833270042,707.2952559301588,2827.909639077008,39714.126298006035,0.19536340408265515
Danish Krone,0.046823296144032175,0.058298947586857365,0.0596738091455923,0.12114515583924525,0.13216670436807731,0.14272504155105764,0.20849298710433714,0.21515874168858623,0.21187758282157862,0.21582013450284745,0.21548667931956642,0.22976996555504645,0.25900968248766915,0.5237240198571985,0.5658207367646878,0.5638347898848545,0.5759299485173783,0.5838702111471877,0.6375102005141356,0.6604083330316057,0.7902563852254756,1.0,0.9996948706402984,1.0456873282552541,1.0561244231110196,1.0766622626692146,1.1833922693338335,1.363098325414219,1.3980245790568364,1.5351198133499067,1.7752136637790505,2.540714592480213,3.428200192682823,3.533240620588373,4.531492880582402,4.861271261870809,6.223819065645146,7.633102394491062,10.85487311368871,11.085234822132145,11.584770383698762,16.627428504321937,18.29524809553255,20.997962948671493,25.776583827177237,28.554642854052876,46.23014871344294,63.97135814874423,119.53107697302652,186.00270580225288,560.3323960190205,2265.302352573024,31423.36170346666,0.15187474308398
Croatian Kuna,0.046594738257729744,0.0577662943473454,0.05888884263317206,0.11869616078421664,0.1326171498746198,0.1429692178137435,0.20480540499536842,0.21033778071346304,0.21187013317725506,0.2109648056738248,0.21246869193405776,0.22798027176210603,0.25873913778846386,0.5241242769465292,0.5566884538118957,0.5645703239910166,0.5678091118066769,0.5763234364389099,0.6305201327175332,0.6507060482911119,0.7822269516253406,0.9804831114200804,1.0,1.0269754728248768,1.0449947321336104,1.0563274718370634,1.1765981545354345,1.343906401618955,1.3929276958175427,1.5330550568662857,1.7465906867351542,2.52415278991479,3.3601016834327435,3.487170972150602,4.468554907646562,4.856858319066052,6.145847706061193,7.558199642390429,10.844047397872362,11.03300498039071,11.343724337484206,16.22222638049688,18.22894398087547,20.87271594051807,25.690493823209128,28.33031931729332,46.16120543002971,62.98922550112762,117.47925523510517,180.8549096619507,552.7340371969947,2233.0059018729457,30939.186665701956,0.1528489859536607
Trinidadian Dollar,0.045189505023005457,0.054589728525405695,0.05634312841030023,0.11530440957122537,0.12596764336502617,0.13628854930428486,0.19582157506135622,0.20178657035534805,0.20161756459745178,0.2055484034452204,0.20574264040527238,0.21829952255357685,0.2470992923797249,0.4968889656200045,0.535666480721836,0.5353362675761966,0.5509187234367936,0.5586889766318672,0.6141198194236337,0.6204329404639816,0.7418269235348585,0.9413923150843052,0.9577690369053447,1.0,0.9998694622693658,1.0342144946017096,1.1300034380281485,1.285080963949422,1.3287015595255323,1.4521275100980433,1.7066876123620216,2.4127211026894626,3.2807778323677095,3.3457971465824285,4.278454521988977,4.5908773855857525,5.895392791079817,7.240520296426981,10.331303247847783,10.522978241997738,11.018666681048916,15.769182544946466,17.723547342724967,19.9485001960812,24.46241942995311,27.386015111191806,43.752062920796,60.08693647569944,112.9461549377039,175.37300427144788,525.508181315717,2123.8341953346758,29959.223896841475,0.14530507699371098
Turkish Lira,0.044518344357598875,0.053975396978700456,0.055516575353048506,0.11332099271590675,0.12577810890348956,0.13470913520709657,0.19417364744182408,0.1993501814113562,0.20140311570535596,0.20045247284018425,0.20138768008274938,0.21891917367597546,0.2459510561232173,0.49450215318558705,0.5295906007420679,0.5347986025164259,0.537910978795065,0.5494981969917397,0.6000430573208135,0.6176194612777076,0.7386836950131653,0.9213499837962491,0.945479726899855,0.9711412574072917,1.0,1.0019285372939606,1.1288640240029133,1.2779931984071857,1.3161369564776886,1.4334338480276039,1.6794286279732185,2.355825351363725,3.2031114988352027,3.2717404485144534,4.224733155294025,4.533284812743615,5.835832536511309,7.1258300732785775,10.232014968377635,10.39072239793989,10.739381500172346,15.423390581806451,17.46737377911772,19.857193983118343,24.29320641357735,26.65447032191958,43.83947140028213,59.99232539152878,111.49367872030412,174.44773983130253,525.234733742588,2098.6975137420914,29415.13800377963,0.14337036827594915
Chinese Yuan Renminbi,0.04302753998143345,0.05273443212213226,0.054379062361717016,0.11023759283345147,0.12186139799645909,0.1312887629353565,0.19120081625385513,0.19617493929106508,0.19527432896980512,0.1986201548508507,0.1966176575217619,0.21310974084058507,0.23953955697078944,0.47971755397623467,0.513735034437988,0.5158186573060177,0.5297079362287405,0.5353568867962317,0.5863449552655361,0.5987544832965378,0.7256069485416636,0.9160202789231006,0.9181253485618516,0.9521874717894683,0.97591986168922,1.0,1.088992902618448,1.2515661205603914,1.2875750709192155,1.4046098011102421,1.6296940370592625,2.3229456859865367,3.1597098617997896,3.2462623743418377,4.130264312649442,4.485853618409106,5.688423820370959,6.951267980187954,10.030471004444527,10.115130088191973,10.478751457482607,15.102762903537396,17.04945067575771,19.162816697003883,23.961996804735314,26.133062254870104,42.82683038986748,58.04827693058931,109.22044953025335,168.51076403542638,512.3459559812213,2072.619835111708,28765.23412678282,0.14112810411984308
Hong Kong Dollar,0.03920803499544056,0.04838812995674541,0.04945614907461789,0.10077113073895634,0.11101068053033045,0.11763265738355302,0.1725408876522208,0.1756421829211403,0.17670943867394673,0.17648077626187925,0.18030501398609564,0.18975377747453687,0.21529979067818286,0.43678575561945354,0.467342227830883,0.4700102901305,0.4798836180382672,0.4900363655763946,0.53866121265749,0.5403016467468598,0.650008900935335,0.8200143920737846,0.8233063234101882,0.8602138405802586,0.8782149501520112,0.9000806154867358,1.0,1.1365640124434002,1.1652739137976094,1.2848448969915598,1.4741916072520955,2.114557121458113,2.8358433832427994,2.90251144687849,3.7523453893345824,4.066025285651118,5.103123809699198,6.2424609148440755,9.138933984491773,9.179393326172463,9.492894753010134,13.735925525807895,15.277059266440839,17.553273677488683,21.548494027081354,23.505453387966103,38.31364097904431,53.130817465576214,97.97971793112227,152.91064517727045,467.5095983368903,1882.1793328208914,26070.97706788719,0.12585157571754096
Swedish Krona,0.0344887042923504,0.042135517009657245,0.04281963217434085,0.08821812905783272,0.09570041422373499,0.10293633892208479,0.14992845269890917,0.15455276837642706,0.15421167031688646,0.15621437367856592,0.15771060224600209,0.16741896402697967,0.18730514111470414,0.37925826037891475,0.4059636557830676,0.4141490913182918,0.41753958590932166,0.42660387071476613,0.46771270106915763,0.47156201387972857,0.5715667054081717,0.7223161382231214,0.7224933414956147,0.7527475046626594,0.7649798328187817,0.7849365121836974,0.8694624040513352,1.0,1.0177407575921746,1.1060590279041091,1.3005381949974077,1.8299751118447114,2.4836962971395145,2.536600139246244,3.293964908872004,3.562577558510729,4.448307386645183,5.553394893236592,8.004614963990498,7.945258347396078,8.385318709131411,11.990468620752972,13.264691197680335,15.309484235512697,18.61469643724038,20.704871188111195,33.396844112336666,46.24559863313178,85.59235530306158,133.1073703479439,401.56751516252405,1643.4010667684208,22505.913863804137,0.10895197407866353
Norwegian Krone,0.03303614685385992,0.04089453468178838,0.04162538305512506,0.08603250907860292,0.09420048738085267,0.10140366469647565,0.14537922339535295,0.14915420157137108,0.15144698129907783,0.15218727768230025,0.15100974224463326,0.16154048722422779,0.18266284999306304,0.3715527755216644,0.3936388865033959,0.39961522467156696,0.40635111258431533,0.4153319684668367,0.452647257748477,0.4653183760562841,0.5539037794864743,0.6984889058246706,0.7027817346312851,0.7327526648500533,0.7415278664698414,0.7589134100742659,0.8486349815699339,0.9510175098772101,1.0,1.0817855708754658,1.2596352137451046,1.7841936958068965,2.4231392596535164,2.4858987047870302,3.2018891256305952,3.424327670065303,4.359343772930172,5.359881476381245,7.696121462353637,7.805846140599202,8.066002757054557,11.542993326964245,12.89299747849362,14.784005951793056,18.237840673327202,20.073685597868828,32.58167473871409,44.790089235522295,83.78970181309552,129.70719940377967,393.39117035852155,1574.8539634051788,22133.339907179266,0.10470027709954026
Venezuelan Bolivar,0.030224290772051392,0.037602153043645815,0.03806933747685573,0.0785060900103233,0.08611821400219352,0.09167309555760099,0.13219138771376213,0.13834616693913634,0.13654967235790322,0.13835189769058992,0.1377306900844467,0.14860482799030506,0.16871142749366996,0.3386632294231595,0.3603527960726396,0.3639571529765231,0.36993359742008364,0.380564978889097,0.41700958146050493,0.4171173663694029,0.5042873992573863,0.6359853311043255,0.6394277364096992,0.6763663509834813,0.6734120135948887,0.7005755391821639,0.7732534439451507,0.8728380494012927,0.8989424683590566,1.0,1.136010251279385,1.635025390376524,2.212614653488246,2.2389345264001905,2.8975573024807253,3.129675397572082,3.9890941496564256,4.9165146231036205,7.094599244158412,7.0968164006047925,7.319805559404272,10.546471199604559,11.916428413680269,13.510525117636357,16.788407265738414,18.390651578874863,29.61458942926634,40.79863437867315,75.59306998157996,118.03704786203927,357.03882391344524,1447.4421308213036,20113.06316376986,0.09882318605806749
Botswana Pula,0.02615551616159529,0.03255641877643152,0.03293429510394476,0.06693527799237346,0.07350398870560973,0.0795385011130827,0.11466597110636031,0.11801499698807334,0.11965301863747826,0.11845254624996522,0.11886903646862342,0.12743260186180824,0.1455827385722572,0.29094073403098614,0.3114379242264613,0.3159254783047522,0.32435545053589965,0.32499695653779737,0.3605369364531205,0.366237886236759,0.43312085443468984,0.5463703574213219,0.5528848418394908,0.5855250835323101,0.5846396109202007,0.596686708981026,0.6656491598372762,0.7618840964412639,0.7770388294678765,0.8611461610806407,1.0,1.416739266938167,1.9241833878999064,1.963178922533735,2.4979740170716838,2.7108330969908905,3.4396844020340778,4.193367682106238,6.122091571923876,6.211836091609966,6.335480572540245,9.173173194385958,10.243096653625214,11.779323211732343,14.442519761862407,16.093705753388274,25.921790376798935,35.243847880089845,66.59230916176497,103.46766290645554,311.1976252680143,1254.7767255121987,17412.34537526882,0.0824203592859825
South African Rand,0.018563740262203574,0.022660879114909105,0.023150248014465413,0.04688358596085183,0.05158870606609325,0.05643335129354898,0.08123600199741805,0.0835619280498964,0.08356123252461867,0.08445999448767066,0.08420967161651208,0.09014580277171352,0.10136614898097136,0.20637564371781494,0.22078700375863922,0.22153858533004447,0.2244877335776642,0.2318171319459642,0.2487406953858027,0.2550709928177039,0.30497491109308106,0.3885398142266728,0.3900003325386887,0.4053033879642985,0.4153406083412223,0.4198098717425528,0.46326002735069616,0.5331092081299825,0.5508659546339,0.5968066098226587,0.692973002050321,1.0,1.3412534151771913,1.36534197522902,1.7761601850942974,1.8824939610520963,2.4052363043049527,2.9740236280416217,4.30841042156713,4.2804969788018346,4.481843109686053,6.470708421504184,7.283227924343212,8.11798051331076,10.144608601550544,11.061485753582543,17.991067345035916,24.920828366844717,46.33614735702538,71.95231430372941,215.97040603553978,872.0143743575094,12274.984475585195,0.058940679301713386
Mexican Peso,0.01362788361009437,0.016671412450042913,0.017017307985224012,0.03463616000533126,0.03850438010633671,0.04145080618536812,0.060072575721468874,0.060997051436869724,0.061818611195481286,0.06176432275426291,0.06275871724053848,0.06735573477686653,0.07467972231077814,0.15353418770099236,0.16258787564544946,0.16387262891621432,0.16525546583914555,0.16907819426379503,0.1875016371617969,0.18833053450556342,0.2259780257220026,0.2870496029920929,0.2884099010935585,0.3016706864766184,0.3038757546039853,0.31120306043885787,0.34589057056029876,0.3913409942181455,0.40850789626692063,0.4480274347751414,0.5128667663537175,0.729554040213024,1.0,1.0234737515225112,1.3029177722422478,1.4189649941427647,1.7673395192475871,2.201589689347927,3.172704918846737,3.2100187649890537,3.322794618201258,4.812184389700087,5.315048235506945,6.007501065239085,7.45130305330821,8.288814430068806,13.240991731198461,18.516865342287925,34.29125677989044,53.56454205925776,162.2863336455711,651.917789709143,8980.795135700375,0.04411573412609411
Czech Koruna,0.013377420625312277,0.016456208929184007,0.01672890824029869,0.03420079404081275,0.03716010620420141,0.04029692242297529,0.058311965296573065,0.06018994825341289,0.06067773939265718,0.06070634194733093,0.06133406636586198,0.06525831219004902,0.07394767312177472,0.14999624870614386,0.15856215913288543,0.1581807701034075,0.16321740871334295,0.16745543526829607,0.1817742208455674,0.18312680125331074,0.22236470576728298,0.27716414956607643,0.28301976700706877,0.2928011931923622,0.297269448171262,0.3023982145227928,0.3372376379323364,0.38181953033680116,0.3943907599039913,0.43464550467895163,0.49911583665624165,0.7200404114059336,0.9639549169821747,1.0,1.2734104495712208,1.362047854052961,1.7439439379658042,2.153513471162726,3.105149018891693,3.0931566752656887,3.219321925718388,4.66946178318943,5.189832708339973,5.910911606420369,7.300586224245901,7.990200538856372,12.95925869812191,18.04181978608409,33.54282790432303,51.67441813801441,157.82664016037842,640.9522682153295,8868.243540073456,0.04346268066400913
Taiwan New Dollar,0.010430306298726532,0.012680773054879085,0.012831019412394026,0.026224854046134376,0.029022494042067963,0.03101306238961085,0.04547905162136825,0.04615855625510124,0.04665923781577031,0.0466322552177719,0.046780338292500306,0.05097477325282873,0.0572100185444581,0.11561057657352317,0.12261865994610462,0.12297726826101908,0.1263185185395296,0.12765002390376692,0.14122540915511014,0.1429600790816661,0.1723691590188731,0.2173372938182729,0.21872739697055515,0.2283828473905432,0.2286568456507149,0.23762151954059593,0.2628453670337297,0.29827428045974125,0.30917062113540367,0.33828694332496057,0.38616355408029274,0.5503117359443762,0.7483277193218125,0.7663182938762534,1.0,1.067583976448128,1.3474715969258548,1.6478933136942768,2.3809706826627552,2.417948773986302,2.501981922515928,3.58755922907007,4.076049685841255,4.627318954887447,5.624285380553863,6.297087009751062,10.102458736072368,13.893911263868384,26.117519580539586,40.4290080220881,123.18614014309996,488.5400589166641,6883.560978662393,0.0333554971744276
Thai Baht,0.009656037784746876,0.011882470466880842,0.012024904844501983,0.024638202271930795,0.027188153976864124,0.0288766691271072,0.042120908645176446,0.043309393809636956,0.043042681545883005,0.04357931377642569,0.0439381593439068,0.046923221914888916,0.05266109751077785,0.10803439552298924,0.11355468713953462,0.11579764128308392,0.11774060902384166,0.12054495485745093,0.1318976780508652,0.13357969898325267,0.16070141965952867,0.2001127284729101,0.20154117909799382,0.21103856057974954,0.21417826702481232,0.217433667533009,0.24221292765393362,0.27889825945874086,0.2870291123202292,0.3139871005625714,0.36365362090993797,0.510691045519725,0.7007633779613026,0.7084115638377944,0.9240242531619967,1.0,1.2527109480917042,1.534667282860166,2.2441689581604516,2.2570398873983257,2.333036739982361,3.364001074825818,3.7546566458063992,4.261532200726724,5.295221345085318,5.846268210077177,9.39744172616044,12.859352353637638,24.020985135396216,37.28744905678475,114.23349480468329,461.9641699887929,6423.3469652275,0.03110877623957392
Mauritian Rupee,0.007544577577258313,0.009254303000207803,0.009542897329670537,0.019435703440769954,0.021244767712123823,0.02301327099823531,0.0334415270992032,0.034399361414812306,0.034549396935957065,0.03416650499956245,0.034473467183216644,0.03721509289113745,0.04157118898016426,0.08541796285092448,0.09037025328771094,0.09175745384851224,0.0919848021508282,0.09369992761613945,0.10294879145380974,0.10619374211850802,0.12652012294206846,0.15840813532836548,0.161677351477857,0.16627533889585738,0.1692902532851897,0.17200219390953905,0.19160565548029196,0.22054804969230443,0.22573023465778103,0.24751651152875853,0.2837094891449323,0.40827588160863365,0.5478820608982294,0.5597042559938377,0.7322030784834058,0.7883952301232555,1.0,1.2293341336393973,1.7470619862291414,1.761018980181621,1.8434368179598297,2.6610683081856,2.990715175917648,3.3669412128143175,4.154215408330971,4.569593347448778,7.45387315791648,10.138411461814073,19.184855904613972,29.52881274892209,90.31035082379819,359.00743720087047,5007.71429820647,0.024580820290988528
Philippine Peso,0.006215945058040702,0.00753984835002966,0.007677273314231448,0.01591637813303368,0.017334079037241556,0.018495716252067848,0.02707755737511981,0.02797633752583267,0.02760540614274743,0.02776013866940918,0.028114376633791165,0.030021864707354847,0.033877246423448595,0.06813509950635412,0.07324944450862961,0.074000797571086,0.0744987063604156,0.0769051233776123,0.08390301827960947,0.0855133666192397,0.10214441860308224,0.1291671245599122,0.1316154865900582,0.13679502718758213,0.13809027985598635,0.13981234825979164,0.1567126543696258,0.17895961976891406,0.18155601461574059,0.19949547920756983,0.233696738484469,0.32759100809834957,0.44798783247340807,0.4604276085697629,0.5865925844287282,0.6388976011716623,0.7961720479010238,1.0,1.4220541213630764,1.4259468967377298,1.4879516462711742,2.171389872376601,2.391318486182417,2.7233967088973223,3.39115237826737,3.7062455796698535,6.082707191846561,8.312479055378041,15.383402770578709,24.01443876693032,72.0497071923542,296.51831276005487,4058.415789101605,0.01950723607325313
Russian Ruble,0.004277823095216755,0.005246382608059515,0.005390726132551368,0.010954890002348457,0.012053049576295296,0.012811919999270897,0.018616837824127805,0.01927378704304751,0.019355931619355213,0.01941362027940707,0.019543717967266058,0.020867449995848445,0.023594938600446726,0.04732888574738727,0.05110555495163449,0.05145353384322036,0.05266525602273889,0.05285299173385549,0.058541734468886164,0.058630688672941675,0.07139979600042619,0.08908533234337167,0.08995844982405946,0.09417554439970968,0.09443562903089636,0.09787118038321163,0.10731096289214898,0.12306206829185895,0.128054401944477,0.13908845756370994,0.16186878000267196,0.2284519103944452,0.3088136489024282,0.3162467183857147,0.40706953561313225,0.44166693883485814,0.5574732923895234,0.6936227060708761,1.0,1.0084632023068139,1.0442248409889476,1.4889582914287076,1.6634834388654058,1.9008548711516156,2.347105030343282,2.570136204125225,4.20024883964547,5.725761954384318,10.700612645426673,16.68150564820005,50.30713297772879,202.26692284839098,2858.228117535841,0.013468877011108724
Argentine Peso,0.004265349723076602,0.005231573733034963,0.005281841384550829,0.01094040888414785,0.011838912416380059,0.01288800934489099,0.01860084673371628,0.019054812942654577,0.01900544843810707,0.01917930951784538,0.019405269162486347,0.02048683867942439,0.023394133039386214,0.04729163622985891,0.050015151552721224,0.05058176816640412,0.05208693532980626,0.053057437479688295,0.05812894948569937,0.05841881768637273,0.06991354740057393,0.08914909213546983,0.08966985808410698,0.09314371936846806,0.09383586680092534,0.09588070220619412,0.10749028550429902,0.12169645341729977,0.12698647230458496,0.1366986978591946,0.15940192046210683,0.2257981949479982,0.30408325464014024,0.3116586456712947,0.40511356195187814,0.43747244556769477,0.55203987892876,0.6870679986441494,0.9906857664496144,1.0,1.0214530434700482,1.4660457669192895,1.6512306072003036,1.8884794090691905,2.307588021254303,2.5878148266509005,4.154187785400314,5.737190346998645,10.553578520050095,16.61830129741058,50.21873999141096,202.09044059711647,2829.6907009340107,0.013740437567844568
Indian Rupee,0.0040578709556381085,0.004957674035147727,0.005133726509627303,0.010464209820607265,0.011525541564459148,0.01224590641475151,0.017911472945096627,0.0183108115090704,0.018482640735846066,0.01838817413203638,0.018438862608868928,0.020086914094710025,0.022645542198565256,0.045200410626173165,0.04835135375816832,0.04848871611372489,0.05022251160935911,0.051013706020584054,0.05497805566023252,0.056200524837399145,0.06705074720087786,0.08573986242384318,0.08621971220281764,0.08970256575983092,0.09066212684218018,0.09249576626135834,0.1024981309196605,0.11772472203957098,0.12049702444711821,0.13135993571859872,0.15269153094422355,0.21797582293520482,0.29690272771731513,0.3026338919257356,0.3865349011439419,0.4157441511115057,0.5291282344568093,0.6548628784545474,0.9361454421438552,0.9491287102415641,1.0,1.416323760014632,1.5898457334119331,1.8062482633735681,2.205512884066563,2.4864396288136423,4.007605837747232,5.450397307430677,10.28456631420409,15.906724210984487,47.70640840391053,193.69748403936345,2706.117220502877,0.013303336754612219
Japanese Yen,0.002837866848366889,0.003477940032170313,0.0035832459935054187,0.007232077349904979,0.008057563070993522,0.008562397496974444,0.012456578705116609,0.012695104124445553,0.012853790647767907,0.01280434543331424,0.012815302178235064,0.013883435131220988,0.01572180923490515,0.031289795203893876,0.03386433013876335,0.03388524377437695,0.034455453697146345,0.035597794724773237,0.03879254887131162,0.038887558654406185,0.047373677616107626,0.059557765670796535,0.06009023818815385,0.06281439146956536,0.063141919571705,0.06459306421477125,0.07226466596555543,0.081077964607962,0.08384885459142312,0.09133664768576862,0.10606788298589258,0.15249110977420413,0.20739086648357752,0.21193267388614212,0.27247260731934997,0.291466605013617,0.37240701821109207,0.4517144629833383,0.6584043863191521,0.6635655872131515,0.6942936467676881,1.0,1.1014781993603313,1.267295526570507,1.555532629668921,1.702650351609146,2.7740990154141882,3.8277633696001314,7.1361898629042715,11.115008875431304,33.398111183349265,134.75622208127137,1878.2112446117392,0.009189606664574732
Nepalese Rupee,0.0025311360023179143,0.0031021897667315268,0.0031814492841113007,0.006504407132210959,0.007096336239514821,0.007694616885939457,0.011104489511838341,0.011518325102104186,0.011448691832687648,0.011470813074528343,0.01164904416264491,0.01226369236946559,0.014069939240877143,0.028194315588393252,0.02978846526743248,0.030211041023445274,0.03090232018019817,0.03176830720084342,0.034697937925626254,0.03500505800051985,0.04184593279888364,0.05267406078083627,0.05318916949579861,0.055891731579874336,0.05675748394226133,0.05748266829187783,0.06423551424591722,0.07242843707184458,0.07513674973834608,0.08240514249026777,0.09465531333896512,0.13693705002418163,0.18235333577317317,0.18688467309093681,0.24068759080745414,0.25867707649234767,0.3306883081299691,0.40655668561059854,0.5839453277780174,0.5985431415781372,0.6173474291000992,0.8851628321559892,1.0,1.1255423751333855,1.3984735313608794,1.538967328069595,2.5046435504423985,3.413346938200903,6.31538271705195,9.820609651800424,30.115916426825912,119.78741642384712,1692.005532407359,0.00798789709906559
Icelandic Krona,0.0022184413646263103,0.002747179326253213,0.002807954851567138,0.00572918252510715,0.006213158874470101,0.006779699954288901,0.00970684954471458,0.009957535014059708,0.010025216604834686,0.010042714826862505,0.010230321291679674,0.010896418236778182,0.012159732994843986,0.025055185324413608,0.026646158311365686,0.026749902581195428,0.027316797691167818,0.027638040955009227,0.0303685151922127,0.03078979404841182,0.03700302963021728,0.04637164577917409,0.04691183067068596,0.04929384422050055,0.04963301363160922,0.051116919028888055,0.056126447023620664,0.0649958036466674,0.06653676369024006,0.07305603812630257,0.08456005095333569,0.1195413227334198,0.16018321743699426,0.16698827748870257,0.21298796500556133,0.22868126981790346,0.29253266168954356,0.35709348844203564,0.5200819949199295,0.5192863716898024,0.5431469348437671,0.7719837735068518,0.8721977054140938,1.0,1.2072025486464841,1.3434554957091664,2.200142720020618,3.029585145394796,5.535978312874862,8.716458024773363,26.101287200345045,106.37173205694592,1469.9954521073726,0.007235386216873418
Pakistani Rupee,0.001796682001607774,0.0022161651968815705,0.0022496439467358594,0.004672201264068961,0.005137629998263872,0.005498128974233534,0.007858057442824595,0.008135416320486076,0.00816341555504352,0.008130645492964916,0.008184595401634366,0.008833075878543246,0.010029483596569884,0.020074813231002842,0.02142520262985031,0.02168397307204062,0.022214362336952315,0.022436565142493592,0.02479909590300046,0.02487816301626694,0.030241841983676094,0.03788318812288691,0.03818510893476496,0.03985785853946003,0.040089752657092026,0.04094697902490544,0.04567859702914827,0.05262441305207795,0.054122327919802364,0.059332193257953754,0.06838621026640662,0.0977523675853426,0.13156788387552124,0.13358577711780287,0.1729147272086274,0.18536883601418197,0.2361537349649719,0.29026082878257453,0.4235299837693789,0.42093744360463126,0.4402042878385898,0.6340700735608258,0.7073150486364002,0.801978356529524,1.0,1.1056221013783876,1.765861930050701,2.455340736431586,4.580886214506873,7.022094888333448,21.325429941523257,86.82363593564736,1204.7680572169859,0.005822730287825386
Sri Lankan Rupee,0.0016436443444110933,0.0020151139217799196,0.0020321786310574428,0.004179650998917096,0.004595041007730707,0.004980989951306329,0.007089690820265022,0.0073185449687801375,0.007427975561812837,0.007385568328998092,0.007451307135843466,0.007975426486965179,0.008935390543771526,0.01805256603212043,0.019362930730935965,0.019638666894070685,0.02001607900407907,0.020244806862815573,0.022480129945856804,0.02262706750812124,0.0270274825439783,0.034573261198888004,0.03429848750083532,0.03614785891150558,0.03675743647619901,0.03756157093104486,0.04162278865797539,0.04716157980705243,0.048245269605733984,0.053435636856696736,0.06117706655709178,0.08685608101746009,0.11942931218999266,0.12229627901738167,0.15708572908952137,0.16972462125762697,0.21399676718887958,0.2652629907239486,0.3799791405357847,0.3852292062211952,0.39906259576634007,0.5668402184043954,0.633448999218332,0.7233579967970262,0.8966388802840181,1.0,1.5926239703260239,2.194711898054379,4.067337793620912,6.330177103953041,19.364684387395833,77.73443970203768,1081.963309631528,0.005206553173062081
Hungarian Forint,0.0010101878459213322,0.0012358526582461832,0.0012645677336365897,0.0026027930989118487,0.0028318528073594763,0.0030572746063599176,0.00440676661246716,0.004539521431126053,0.004581516609395276,0.004626462869525562,0.004653630885328186,0.00493108399185515,0.005550176239986816,0.011187788351472517,0.012030751747674045,0.012127890244720215,0.012414628007861112,0.012630014025362478,0.013879044074879792,0.013950344771044463,0.016749211593955916,0.02111491479740591,0.021235858847591608,0.022157181528107764,0.022721233912276213,0.02316589001273719,0.02577878736518831,0.02894614343500039,0.029765769185895862,0.03256677776667871,0.0383371121470349,0.05466826226629134,0.07381342336270204,0.07446380225968129,0.097450183598501,0.1042229608481407,0.13181357263950005,0.16348874672807226,0.23303113448616286,0.23771269155326447,0.24599292703015901,0.35420758710517836,0.3974710483369511,0.4469674735963237,0.549428012926417,0.6138160577726092,1.0,1.3497237094925876,2.5075894719882785,3.922841295663066,11.873141442505965,47.90358396584818,663.2684032929535,0.003192675952780281
Kazakhstani Tenge,7.351135916152197E-4,9.056274374290744E-4,9.214967698133148E-4,0.0018869762056308984,0.0020877930202520974,0.0022454328510512567,0.0032117637415052715,0.0033094952102242087,0.0032860731560357213,0.003351288367704738,0.0033352334449207174,0.0036262947585302715,0.004059387633480811,0.008206938863256286,0.008797165060200167,0.008794616727205934,0.009068105805057307,0.009174912281523081,0.009954386724191619,0.010108248575909655,0.012169558520615022,0.015503878650022347,0.015678208059517054,0.016260728881077675,0.016353760487814617,0.01666751518307234,0.018692700647887306,0.02135001409170823,0.02198443625888401,0.023882184629733225,0.02763368819742591,0.03973369920100281,0.05369179299427021,0.054911395330296264,0.07055792767584682,0.07525147341918517,0.09642979146270504,0.11846192573118393,0.17000318102348963,0.1722236153513071,0.17912483896195727,0.2589632856336354,0.2880064625522257,0.32816147097841236,0.4025979135629635,0.44681930617954274,0.7199622453804443,1.0,1.837320591926902,2.8600332105701862,8.60248154627971,35.21248195046834,487.89077067247865,0.002359420585349417
Chilean Peso,3.9345741375087915E-4,4.8175416794666264E-4,4.980137134102538E-4,0.001011624225951853,0.0011026437452212015,0.0011982938658514426,0.001727126300609981,0.001798915765248585,0.0017887074779835853,0.00178323227899824,0.0017982485191833028,0.0019357843135069113,0.0021553334056559417,0.004382011548494814,0.004689252120898977,0.004688728188472638,0.004799121079608802,0.004909541486570445,0.0053312236212708294,0.00546170732818756,0.006618196532416883,0.008197620115601772,0.008389437470937677,0.008686079086890676,0.008761215633436407,0.008948291266828553,0.009917460065452011,0.011419020290542972,0.011652794210846956,0.012783585242703796,0.014905114959745478,0.021151547705934966,0.02845049767997502,0.029077689567761168,0.03779082804047992,0.040804916483598346,0.05145673217117135,0.06313510051955276,0.09157953197124782,0.09269864468302373,0.0967391847709897,0.1377846455076887,0.1536113588339237,0.17429603195980017,0.2155302659298374,0.23907943105758114,0.38763382764671406,0.528538838303029,1.0,1.5395588955719584,4.638565591232719,18.93386582330244,263.84364417790533,0.0012733938160015591
South Korean Won,2.539704127586208E-4,3.115419840187219E-4,3.1826666969017646E-4,6.507316174675536E-4,7.128127617876437E-4,7.628277195788692E-4,0.0011177205107126493,0.0011354340715513597,0.0011357795040920567,0.0011557651961416231,0.0011481827293577116,0.0012513903467462073,0.001400687270030763,0.002808446162900485,0.0030109086200997733,0.0030678490856793435,0.003122744140123802,0.0031734078206667403,0.003464458770978874,0.0035115788284909685,0.004230804103122,0.005276135931050318,0.005370770243827968,0.00554885855181637,0.005689568600360099,0.005811199519501013,0.006413841617434174,0.007286647534069287,0.007595535188901977,0.008260844240905046,0.009601660956201376,0.013570949585648442,0.01825432155674846,0.018867508097079277,0.024114270526509947,0.025974561475507,0.03313421337818487,0.04106609360167542,0.05856273911943304,0.05967032165658467,0.06226507900769495,0.08879817176401271,0.09987455214399917,0.11322294144159557,0.13883626716189715,0.15440823909417617,0.2481319292762299,0.34090922976048804,0.6418328764790687,1.0,3.024638579359295,12.21081022489326,169.29244084342923,7.994642768891136E-4
Colombian Peso,8.45081310373825E-5,1.0283454080827354E-4,1.0402584817058193E-4,2.1508014682446622E-4,2.348178727166106E-4,2.5595870667962083E-4,3.693300074161007E-4,3.766865084552097E-4,3.745341295026332E-4,3.816905530986732E-4,3.8376550464814656E-4,4.0693683623974254E-4,4.589012474922334E-4,9.289345476956712E-4,9.866407318557071E-4,0.0010036713023496909,0.0010203512714327871,0.001045265193776428,0.0011324549538762984,0.0011571114860756807,0.0013843788620507027,0.0017653095085883074,0.0017713923434937511,0.001857371777926607,0.001873109183966156,0.001901392436717749,0.0021087116119151753,0.0024387268071056185,0.0024980328361362534,0.00274259471645269,0.0031405566012410123,0.004512200610981268,0.006116711126046073,0.006203320349827856,0.008108407891158687,0.008609944993266845,0.010892628449563421,0.013512225414520105,0.019609471269009016,0.019719618013295456,0.020381299781818775,0.029272694452887195,0.03246718489708977,0.03744330241528402,0.04556106311292922,0.05081122663843918,0.08130184322909202,0.11330935047512067,0.21035804195630955,0.32486760282982324,1.0,4.025008510023647,55.728201113568005,2.6342851887418766E-4
Indonesian Rupiah,2.0918891804417066E-5,2.526225911435316E-5,2.5852811261492282E-5,5.353582620506544E-5,5.869803574839889E-5,6.266597688322545E-5,9.046425327613567E-5,9.339683069947633E-5,9.288899618571651E-5,9.383781184912307E-5,9.517684672353909E-5,1.0144787264774053E-4,1.1379022179920565E-4,2.320272750108015E-4,2.4604835352598893E-4,2.474664260806835E-4,2.5369335674971157E-4,2.580167529630932E-4,2.8213116651457906E-4,2.8566757581129814E-4,3.4791976929846497E-4,4.3399972121753845E-4,4.3584932875105647E-4,4.56390607388891E-4,4.646433858516884E-4,4.6956805149820724E-4,5.293796214098789E-4,5.952592377401491E-4,6.144106374293863E-4,6.810308629039185E-4,7.729430981508489E-4,0.0011187850143394907,0.001493572480400271,0.0015555786314858614,0.00200090775839186,0.0021511416477642026,0.002686715786473554,0.0033228600685057882,0.004789943895437575,0.0048711137293226655,0.005048319338553455,0.007241191959128083,0.008147939243130458,0.009236840576035873,0.011269608337757475,0.012685647577359939,0.020376680816691035,0.028060057134644868,0.052512144684503013,0.08124479295136437,0.24711022306084568,1.0,13.842667451881132,6.561409626581056E-5
Iranian Rial,1.5035422147052419E-6,1.8186455457171506E-6,1.8544348142796336E-6,3.813943945301364E-6,4.219630155015455E-6,4.497454995582842E-6,6.561018136078281E-6,6.710042174871931E-6,6.670661938429369E-6,6.766502415769058E-6,6.825185352774348E-6,7.234155528592685E-6,8.231661330208332E-6,1.6640226209214266E-5,1.7837970082026036E-5,1.772084629465123E-5,1.828521255086442E-5,1.8764869633065156E-5,2.013120575657423E-5,2.065694582504548E-5,2.4930416940138617E-5,3.1382213056714556E-5,3.17794938367304E-5,3.288619523347203E-5,3.306271226268522E-5,3.4219015120186304E-5,3.762532849962561E-5,4.291662834964308E-5,4.472650319902987E-5,4.8409916771319114E-5,5.581528293599807E-5,7.951379955148437E-5,1.0907796870086205E-4,1.1167567434436598E-4,1.4393592264208316E-4,1.526916603133479E-4,1.9341825398494226E-4,2.4090216442432006E-4,3.4908533630083E-4,3.508224863487858E-4,3.604910971684311E-4,5.189012107316417E-4,5.791948344625261E-4,6.629504524909606E-4,8.201242473253531E-4,9.049040444444482E-4,0.0014728680842871205,0.0019949240481112857,0.00376676122303423,0.005855536975942735,0.01763806922332464,0.07173992686221861,1.0,4.907446618685463E-6
USD,0.306859,0.376,0.3845,0.785824,0.863744,0.92926,1.340709,1.384036,1.384036,1.391679,1.399751,1.50011,1.689337,3.41983,3.64,3.6725,3.75,3.819105,4.176897,4.250934,5.098128,6.428258,6.498288,6.761225,6.849881,7.000243,7.752142,8.860053,9.131606,9.9875,11.541719,16.458671,22.265196,22.797157,29.406916,31.600253,40.023897,49.338157,71.118397,71.773598,74.579725,107.193994,119.886909,136.308291,167.836295,185.758394,300.712829,413.232748,769.030721,1196.25183,3625.260128,14638.84475,203430.0,1.0
